Residence (District),Darjiling - Urban,Darjiling - Rural,Darjiling - Total,Jalpaiguri - Rural,Jalpaiguri - Total,Koch Bihar - Rural,Koch Bihar - Total,Uttar Dinajpur - Rural,Uttar Dinajpur - Total,Dakshin Dinajpur - Rural,Dakshin Dinajpur - Total,Maldah - Rural,Maldah - Total,Murshidabad - Rural,Murshidabad - Total,Birbhum - Rural,Birbhum - Total,Barddhaman - Urban,Barddhaman - Rural,Barddhaman - Total,Nadia - Rural,Nadia - Total,North Twenty Four Parganas - Urban,North Twenty Four Parganas - Rural,North Twenty Four Parganas - Total,Hugli - Urban,Hugli - Rural,Hugli - Total,Bankura - Rural,Bankura - Total,Puruliya - Rural,Puruliya - Total,Haora - Urban,Haora - Rural,Haora - Total,Kolkata - Urban,Kolkata - Total,South Twenty Four Parganas - Rural,South Twenty Four Parganas - Total,Paschim Medinipur - Rural,Paschim Medinipur - Total,Purba Medinipur - Rural,Purba Medinipur - Total,,Note of Darjiling - Urban,Note of Darjiling - Rural,Note of Darjiling - Total,Note of Jalpaiguri - Rural,Note of Jalpaiguri - Total,Note of Koch Bihar - Rural,Note of Koch Bihar - Total,Note of Uttar Dinajpur - Rural,Note of Uttar Dinajpur - Total,Note of Dakshin Dinajpur - Rural,Note of Dakshin Dinajpur - Total,Note of Maldah - Rural,Note of Maldah - Total,Note of Murshidabad - Rural,Note of Murshidabad - Total,Note of Birbhum - Rural,Note of Birbhum - Total,Note of Barddhaman - Urban,Note of Barddhaman - Rural,Note of Barddhaman - Total,Note of Nadia - Rural,Note of Nadia - Total,Note of North Twenty Four Parganas - Urban,Note of North Twenty Four Parganas - Rural,Note of North Twenty Four Parganas - Total,Note of Hugli - Urban,Note of Hugli - Rural,Note of Hugli - Total,Note of Bankura - Rural,Note of Bankura - Total,Note of Puruliya - Rural,Note of Puruliya - Total,Note of Haora - Urban,Note of Haora - Rural,Note of Haora - Total,Note of Kolkata - Urban,Note of Kolkata - Total,Note of South Twenty Four Parganas - Rural,Note of South Twenty Four Parganas - Total,Note of Paschim Medinipur - Rural,Note of Paschim Medinipur - Total,Note of Purba Medinipur - Rural,Note of Purba Medinipur - Total
Households surveyed,380.00,397.00,777.00,602.00,808.00,724.00,808.00,716.00,825.00,697.00,801.00,707.00,815.00,676.00,830.00,725.00,834.00,411.00,416.00,827.00,594.00,836.00,388.00,412.00,800.00,382.00,410.00,792.00,756.00,820.00,708.00,815.00,396.00,397.00,793.00,749.00,749.00,589.00,792.00,703.00,805.00,716.00,800.00,,NA,NA,NA,NA,NA,NA,NA,NA,NA,NA,NA,NA,NA,NA,NA,NA,NA,NA,NA,NA,NA,NA,NA,NA,NA,NA,NA,NA,NA,NA,NA,NA,NA,NA,NA,NA,NA,NA,NA,NA,NA,NA,NA
Women age 15-49 years interviewed,425.00,503.00,928.00,691.00,899.00,804.00,886.00,871.00,1012.00,758.00,867.00,790.00,911.00,804.00,1006.00,813.00,950.00,503.00,483.00,986.00,649.00,928.00,396.00,476.00,872.00,379.00,492.00,871.00,862.00,939.00,877.00,1012.00,461.00,469.00,930.00,803.00,803.00,694.00,930.00,898.00,1013.00,826.00,925.00,,NA,NA,NA,NA,NA,NA,NA,NA,NA,NA,NA,NA,NA,NA,NA,NA,NA,NA,NA,NA,NA,NA,NA,NA,NA,NA,NA,NA,NA,NA,NA,NA,NA,NA,NA,NA,NA,NA,NA,NA,NA,NA,NA
Men age 15-49 years interviewed,63.00,62.00,125.00,91.00,124.00,109.00,126.00,109.00,132.00,110.00,132.00,109.00,129.00,120.00,145.00,125.00,149.00,67.00,67.00,134.00,102.00,143.00,38.00,69.00,107.00,41.00,58.00,99.00,130.00,143.00,109.00,133.00,61.00,65.00,126.00,95.00,95.00,83.00,106.00,94.00,114.00,113.00,140.00,,NA,NA,NA,NA,NA,NA,NA,NA,NA,NA,NA,NA,NA,NA,NA,NA,NA,NA,NA,NA,NA,NA,NA,NA,NA,NA,NA,NA,NA,NA,NA,NA,NA,NA,NA,NA,NA,NA,NA,NA,NA,NA,NA
1. Population (female) age 6+ years who ever attended school (%),84.90,72.10,77.00,65.20,68.80,72.00,73.70,57.50,60.10,67.90,70.20,67.80,68.40,69.30,70.80,67.10,69.00,72.70,67.30,69.70,69.60,73.70,86.20,80.30,83.70,85.20,74.50,78.50,65.00,67.10,53.50,53.60,83.20,79.60,81.80,82.50,82.50,74.40,76.50,73.40,74.70,77.90,78.80,,NA,NA,NA,NA,NA,NA,NA,NA,NA,NA,NA,NA,NA,NA,NA,NA,NA,NA,NA,NA,NA,NA,NA,NA,NA,NA,NA,NA,NA,NA,NA,NA,NA,NA,NA,NA,NA,NA,NA,NA,NA,NA,NA
2. Population below age 15 years (%),20.40,23.70,22.40,26.70,25.70,26.40,26.30,37.90,36.80,24.30,24.10,33.30,32.90,31.40,31.80,26.00,25.40,22.80,23.10,22.90,24.30,23.40,18.60,24.80,21.20,21.90,23.20,22.70,25.40,24.90,28.10,28.80,22.50,23.80,23.00,20.20,20.20,27.00,26.70,25.60,25.20,24.70,24.70,,NA,NA,NA,NA,NA,NA,NA,NA,NA,NA,NA,NA,NA,NA,NA,NA,NA,NA,NA,NA,NA,NA,NA,NA,NA,NA,NA,NA,NA,NA,NA,NA,NA,NA,NA,NA,NA,NA,NA,NA,NA,NA,NA
3. Sex ratio of the total population (females per 1000 males),983.00,998.00,992.00,992.00,969.00,1012.00,1008.00,1017.00,1023.00,1035.00,1023.00,1027.00,1019.00,1052.00,1083.00,957.00,968.00,988.00,1034.00,1013.00,995.00,1015.00,984.00,977.00,981.00,1024.00,1074.00,1055.00,995.00,1002.00,985.00,983.00,963.00,1069.00,1001.00,921.00,921.00,1041.00,1037.00,1062.00,1050.00,997.00,991.00,,NA,NA,NA,NA,NA,NA,NA,NA,NA,NA,NA,NA,NA,NA,NA,NA,NA,NA,NA,NA,NA,NA,NA,NA,NA,NA,NA,NA,NA,NA,NA,NA,NA,NA,NA,NA,NA,NA,NA,NA,NA,NA,NA
4. Sex ratio at birth for children born in the last five years (females per 1000 males),-674.00,1217.00,1006.00,937.00,908.00,1114.00,1073.00,878.00,937.00,920.00,902.00,917.00,881.00,1042.00,1075.00,867.00,865.00,944.00,1165.00,1064.00,811.00,812.00,-694.00,918.00,803.00,-839.00,941.00,904.00,1151.00,1145.00,1079.00,998.00,1025.00,901.00,974.00,1020.00,1020.00,1068.00,1067.00,868.00,862.00,1053.00,998.00,,NA,NA,NA,NA,NA,NA,NA,NA,NA,NA,NA,NA,NA,NA,NA,NA,NA,NA,NA,NA,NA,NA,NA,NA,NA,NA,NA,NA,NA,NA,NA,NA,NA,NA,NA,NA,NA,NA,NA,NA,NA,NA,NA
5. Children under age 5 years whose birth was registered (%),97.90,99.10,98.70,96.20,96.90,94.00,94.60,88.20,88.50,95.70,96.20,92.20,93.00,98.90,98.90,98.60,97.70,95.10,98.30,96.90,98.30,98.00,100.00,98.70,99.30,100.00,94.60,96.50,97.20,97.50,95.40,95.90,95.70,96.50,96.00,95.70,95.70,99.20,98.50,96.20,96.50,99.30,99.00,,NA,NA,NA,NA,NA,NA,NA,NA,NA,NA,NA,NA,NA,NA,NA,NA,NA,NA,NA,NA,NA,NA,NA,NA,NA,NA,NA,NA,NA,NA,NA,NA,NA,NA,NA,NA,NA,NA,NA,NA,NA,NA,NA
6. Households with electricity (%),97.40,94.00,95.40,87.20,89.90,89.30,90.00,89.30,90.00,92.10,93.10,93.40,94.10,90.80,92.50,95.70,96.00,94.80,94.10,94.40,94.90,95.60,97.40,96.40,97.00,96.30,94.50,95.20,88.30,89.40,78.10,79.30,98.00,97.60,97.80,99.80,99.80,84.70,87.40,95.80,95.70,97.50,97.50,,NA,NA,NA,NA,NA,NA,NA,NA,NA,NA,NA,NA,NA,NA,NA,NA,NA,NA,NA,NA,NA,NA,NA,NA,NA,NA,NA,NA,NA,NA,NA,NA,NA,NA,NA,NA,NA,NA,NA,NA,NA,NA,NA
7. Households with an improved drinking-water source1 (%),88.50,58.90,71.00,85.90,85.20,98.20,97.90,97.50,97.50,99.60,99.40,81.50,82.90,98.20,97.50,97.10,97.40,92.60,99.50,96.60,95.70,95.00,90.50,94.30,92.00,96.90,99.50,98.50,96.50,96.40,81.00,82.70,94.50,99.70,96.50,96.20,96.20,98.50,97.70,96.80,96.50,99.10,98.90,,NA,NA,NA,NA,NA,NA,NA,NA,NA,NA,NA,NA,NA,NA,NA,NA,NA,NA,NA,NA,NA,NA,NA,NA,NA,NA,NA,NA,NA,NA,NA,NA,NA,NA,NA,NA,NA,NA,NA,NA,NA,NA,NA
8. Households using improved sanitation facility2 (%),65.00,58.30,61.00,44.90,49.20,47.90,49.60,26.70,31.80,39.10,43.90,38.50,44.00,47.00,50.60,23.50,28.00,54.60,40.80,46.60,65.40,68.50,72.20,64.30,69.00,61.30,50.40,54.60,25.60,29.50,8.20,12.30,62.10,56.60,60.00,50.20,50.20,50.10,51.70,39.30,40.90,66.70,66.90,,NA,NA,NA,NA,NA,NA,NA,NA,NA,NA,NA,NA,NA,NA,NA,NA,NA,NA,NA,NA,NA,NA,NA,NA,NA,NA,NA,NA,NA,NA,NA,NA,NA,NA,NA,NA,NA,NA,NA,NA,NA,NA,NA
9. Households using clean fuel for cooking3 (%),83.30,37.70,56.30,11.20,27.00,6.40,13.70,4.90,12.30,5.70,12.60,10.70,15.80,10.40,19.20,9.60,15.50,50.60,14.60,29.70,16.00,28.20,77.10,12.10,50.70,57.10,14.20,30.80,11.40,16.30,5.00,6.80,59.20,27.30,47.20,69.60,69.60,10.30,19.30,9.30,13.90,6.60,10.90,,NA,NA,NA,NA,NA,NA,NA,NA,NA,NA,NA,NA,NA,NA,NA,NA,NA,NA,NA,NA,NA,NA,NA,NA,NA,NA,NA,NA,NA,NA,NA,NA,NA,NA,NA,NA,NA,NA,NA,NA,NA,NA,NA
10. Households using iodized salt (%),98.90,98.40,98.60,91.10,92.10,88.40,89.40,96.90,97.30,91.00,92.10,92.70,93.60,92.00,93.50,93.60,94.20,98.00,96.80,97.30,94.40,95.80,98.00,96.30,97.30,98.90,98.80,98.80,87.70,88.80,92.70,93.90,99.10,94.90,97.50,98.50,98.50,94.10,94.60,91.30,91.80,85.70,86.60,,NA,NA,NA,NA,NA,NA,NA,NA,NA,NA,NA,NA,NA,NA,NA,NA,NA,NA,NA,NA,NA,NA,NA,NA,NA,NA,NA,NA,NA,NA,NA,NA,NA,NA,NA,NA,NA,NA,NA,NA,NA,NA,NA
11. Households with any usual member covered by a health scheme or health insurance (%),28.70,21.60,24.50,25.50,25.30,45.40,44.50,25.20,27.30,38.90,40.70,43.80,40.60,43.10,40.90,40.60,40.90,31.90,25.90,28.40,40.30,38.50,30.00,44.30,35.80,25.90,47.50,39.10,50.30,48.60,28.90,27.10,18.90,24.70,21.10,26.10,26.10,27.30,25.30,29.50,29.80,34.30,33.80,,NA,NA,NA,NA,NA,NA,NA,NA,NA,NA,NA,NA,NA,NA,NA,NA,NA,NA,NA,NA,NA,NA,NA,NA,NA,NA,NA,NA,NA,NA,NA,NA,NA,NA,NA,NA,NA,NA,NA,NA,NA,NA,NA
12. Women who are literate (%),88.00,72.10,78.00,58.80,64.20,65.30,66.80,47.60,51.10,64.50,67.30,63.00,64.20,64.70,66.10,59.10,62.10,70.00,64.10,66.60,70.40,73.70,85.60,79.40,82.90,81.90,73.30,76.30,62.00,65.20,48.90,48.10,79.80,76.20,78.40,80.80,80.80,72.90,74.60,69.20,70.70,75.20,76.10,,NA,NA,NA,NA,NA,NA,NA,NA,NA,NA,NA,NA,NA,NA,NA,NA,NA,NA,NA,NA,NA,NA,NA,NA,NA,NA,NA,NA,NA,NA,NA,NA,NA,NA,NA,NA,NA,NA,NA,NA,NA,NA,NA
13. Men who are literate (%),98.60,92.40,95.00,72.80,74.50,77.90,80.80,63.70,65.10,80.20,83.20,72.10,71.70,86.60,85.10,87.40,86.20,77.60,68.80,72.60,79.50,79.70,-84.10,78.10,80.90,-85.80,85.80,85.80,82.30,83.70,77.60,76.50,92.40,84.00,89.00,84.30,84.30,73.90,76.90,82.40,82.90,90.40,89.30,,NA,NA,NA,NA,NA,NA,NA,NA,NA,NA,NA,NA,NA,NA,NA,NA,NA,NA,NA,NA,NA,NA,NA,NA,NA,NA,NA,NA,NA,NA,NA,NA,NA,NA,NA,NA,NA,NA,NA,NA,NA,NA,NA
14. Women with 10 or more years of schooling (%),47.90,22.90,32.20,19.70,22.70,17.90,20.90,13.40,17.00,18.90,21.70,18.00,19.20,18.10,22.20,19.80,22.10,34.20,20.30,26.40,18.70,24.60,45.00,22.20,35.20,36.10,20.80,26.20,20.30,23.20,14.80,15.70,36.40,27.70,33.10,49.60,49.60,18.00,22.80,22.60,24.30,27.00,28.60,,NA,NA,NA,NA,NA,NA,NA,NA,NA,NA,NA,NA,NA,NA,NA,NA,NA,NA,NA,NA,NA,NA,NA,NA,NA,NA,NA,NA,NA,NA,NA,NA,NA,NA,NA,NA,NA,NA,NA,NA,NA,NA,NA
15. Women age 20-24 years married before age 18 years (%),18.20,21.90,20.40,33.90,32.70,41.60,41.20,40.40,39.10,46.00,44.40,56.00,54.80,58.00,52.60,53.90,52.00,27.10,48.80,40.10,42.50,40.50,30.10,42.10,36.00,26.10,34.60,31.90,40.30,38.30,38.60,38.30,20.30,32.60,24.40,13.10,13.10,54.10,49.70,52.70,52.10,44.00,43.10,,NA,NA,NA,NA,NA,NA,NA,NA,NA,NA,NA,NA,NA,NA,NA,NA,NA,NA,NA,NA,NA,NA,NA,NA,NA,NA,NA,NA,NA,NA,NA,NA,NA,NA,NA,NA,NA,NA,NA,NA,NA,NA,NA
16. Men age 25-29 years married before age 21 years (%),NA,NA,NA,NA,NA,NA,NA,-24.00,-22.80,NA,-31.10,NA,NA,NA,NA,NA,NA,NA,NA,NA,NA,-33.10,NA,NA,NA,NA,NA,NA,NA,NA,NA,NA,NA,NA,NA,NA,NA,NA,NA,NA,NA,NA,NA,,NA,NA,NA,NA,NA,NA,NA,NA,NA,NA,NA,NA,NA,NA,NA,NA,NA,NA,NA,NA,NA,NA,NA,NA,NA,NA,NA,NA,NA,NA,NA,NA,NA,NA,NA,NA,NA,NA,NA,NA,NA,NA,NA
17. Women age 15-19 years who were already mothers or pregnant at the time of the survey (%),11.60,9.20,10.10,7.00,9.70,24.10,23.60,15.30,17.40,20.20,19.50,23.70,24.90,31.60,29.50,27.70,24.90,8.40,19.10,14.40,26.00,21.90,-13.30,23.40,18.70,22.00,18.20,19.60,17.50,16.60,22.20,21.70,5.80,9.20,7.20,4.80,4.80,19.90,19.30,16.90,15.60,21.70,19.60,,NA,NA,NA,NA,NA,NA,NA,NA,NA,NA,NA,NA,NA,NA,NA,NA,NA,NA,NA,NA,NA,NA,NA,NA,NA,NA,NA,NA,NA,NA,NA,NA,NA,NA,NA,NA,NA,NA,NA,NA,NA,NA,NA
18. Any method (%),74.30,72.80,73.40,50.50,49.10,65.60,65.70,53.90,54.70,58.80,60.30,59.50,60.30,75.70,72.80,77.70,77.10,77.00,77.20,77.10,76.20,74.30,68.70,78.30,73.00,73.70,80.00,77.90,77.20,76.30,69.40,69.00,65.30,70.90,67.50,70.00,70.00,68.80,68.60,73.50,73.80,75.00,75.30,,NA,NA,NA,NA,NA,NA,NA,NA,NA,NA,NA,NA,NA,NA,NA,NA,NA,NA,NA,NA,NA,NA,NA,NA,NA,NA,NA,NA,NA,NA,NA,NA,NA,NA,NA,NA,NA,NA,NA,NA,NA,NA,NA
19. Any modern method (%),67.00,65.60,66.10,49.60,48.20,60.50,60.80,41.70,43.60,52.00,53.20,51.10,51.80,64.40,60.90,67.20,65.50,50.80,59.50,56.10,54.80,52.50,49.80,51.80,50.70,55.50,65.00,61.80,69.70,69.00,49.50,50.50,46.20,57.70,50.70,57.50,57.50,60.40,60.40,61.20,62.00,60.00,59.50,,NA,NA,NA,NA,NA,NA,NA,NA,NA,NA,NA,NA,NA,NA,NA,NA,NA,NA,NA,NA,NA,NA,NA,NA,NA,NA,NA,NA,NA,NA,NA,NA,NA,NA,NA,NA,NA,NA,NA,NA,NA,NA,NA
20. Female sterilization (%),30.10,44.20,39.00,26.50,25.80,35.60,34.90,18.80,19.30,21.60,21.00,26.10,25.40,45.80,40.50,39.10,37.40,29.50,37.00,34.10,36.30,33.50,23.00,17.10,20.40,23.90,46.10,38.70,45.20,42.80,37.80,38.20,17.20,26.10,20.70,18.90,18.90,16.00,15.90,39.30,38.90,20.40,19.70,,NA,NA,NA,NA,NA,NA,NA,NA,NA,NA,NA,NA,NA,NA,NA,NA,NA,NA,NA,NA,NA,NA,NA,NA,NA,NA,NA,NA,NA,NA,NA,NA,NA,NA,NA,NA,NA,NA,NA,NA,NA,NA,NA
21. Male sterilization (%),0.70,0.50,0.60,0.40,0.30,0.50,0.40,0.00,0.00,0.20,0.20,0.50,0.40,0.10,0.10,0.10,0.10,0.00,0.00,0.00,0.00,0.00,0.00,0.00,0.00,0.30,0.30,0.30,0.00,0.00,0.00,0.00,0.00,0.00,0.00,0.00,0.00,0.30,0.20,0.00,0.00,0.00,0.00,,NA,NA,NA,NA,NA,NA,NA,NA,NA,NA,NA,NA,NA,NA,NA,NA,NA,NA,NA,NA,NA,NA,NA,NA,NA,NA,NA,NA,NA,NA,NA,NA,NA,NA,NA,NA,NA,NA,NA,NA,NA,NA,NA
22. IUD/PPIUD (%),2.80,1.60,2.00,1.00,0.90,1.60,1.80,0.60,0.70,1.00,0.90,0.50,0.40,0.60,0.60,0.40,0.50,0.00,0.50,0.30,0.50,0.70,1.50,1.10,1.30,2.00,1.60,1.70,0.00,0.00,0.60,0.80,5.10,1.50,3.70,3.40,3.40,1.60,1.80,0.70,0.70,0.70,0.80,,NA,NA,NA,NA,NA,NA,NA,NA,NA,NA,NA,NA,NA,NA,NA,NA,NA,NA,NA,NA,NA,NA,NA,NA,NA,NA,NA,NA,NA,NA,NA,NA,NA,NA,NA,NA,NA,NA,NA,NA,NA,NA,NA
23. Pill (%),18.10,12.00,14.30,17.30,17.10,20.90,21.00,18.30,17.60,24.10,25.60,17.60,18.50,14.40,15.90,22.30,22.20,13.80,18.80,16.80,14.10,14.50,12.40,25.40,18.20,17.10,12.70,14.20,22.10,22.90,8.50,8.60,14.10,24.70,18.20,15.00,15.00,37.10,34.50,19.70,20.30,34.50,33.40,,NA,NA,NA,NA,NA,NA,NA,NA,NA,NA,NA,NA,NA,NA,NA,NA,NA,NA,NA,NA,NA,NA,NA,NA,NA,NA,NA,NA,NA,NA,NA,NA,NA,NA,NA,NA,NA,NA,NA,NA,NA,NA,NA
24. Condom (%),14.20,6.50,9.30,4.30,4.00,2.00,2.60,2.70,4.60,4.50,5.00,5.90,6.50,3.40,3.40,4.80,4.90,7.60,3.10,4.90,3.30,3.40,11.40,7.00,9.40,12.00,3.80,6.50,2.20,3.20,2.10,2.50,9.50,4.60,7.50,19.70,19.70,5.10,7.70,1.40,2.00,3.20,4.60,,NA,NA,NA,NA,NA,NA,NA,NA,NA,NA,NA,NA,NA,NA,NA,NA,NA,NA,NA,NA,NA,NA,NA,NA,NA,NA,NA,NA,NA,NA,NA,NA,NA,NA,NA,NA,NA,NA,NA,NA,NA,NA,NA
25. Total unmet need (%),5.40,8.00,7.00,12.60,13.60,8.80,9.60,13.30,14.40,9.20,8.50,14.60,14.30,5.50,6.90,3.60,4.10,5.80,5.30,5.50,6.90,7.00,8.20,5.70,7.10,8.20,5.60,6.40,5.30,5.70,7.80,9.10,9.80,8.70,9.30,6.40,6.40,6.90,7.30,5.00,4.80,6.00,6.00,,NA,NA,NA,NA,NA,NA,NA,NA,NA,NA,NA,NA,NA,NA,NA,NA,NA,NA,NA,NA,NA,NA,NA,NA,NA,NA,NA,NA,NA,NA,NA,NA,NA,NA,NA,NA,NA,NA,NA,NA,NA,NA,NA
26. Unmet need for spacing (%),1.60,4.30,3.30,5.80,5.10,3.80,4.10,4.60,4.90,3.00,2.80,7.00,6.50,3.20,3.40,1.90,2.30,2.40,2.80,2.60,2.60,2.70,1.90,2.70,2.30,2.20,1.40,1.70,2.40,2.70,4.40,5.10,1.70,3.10,2.20,2.40,2.40,2.50,3.00,3.40,3.10,2.30,2.10,,NA,NA,NA,NA,NA,NA,NA,NA,NA,NA,NA,NA,NA,NA,NA,NA,NA,NA,NA,NA,NA,NA,NA,NA,NA,NA,NA,NA,NA,NA,NA,NA,NA,NA,NA,NA,NA,NA,NA,NA,NA,NA,NA
27. Health worker ever talked to female non-users about family planning5 (%),10.20,13.60,12.30,15.30,14.90,20.80,20.60,12.60,12.50,10.60,9.90,10.40,9.20,5.50,6.90,12.40,13.70,8.20,20.80,14.20,16.80,16.30,7.10,3.80,6.00,11.60,9.70,10.40,18.60,16.50,18.50,19.70,9.50,23.10,14.20,4.90,4.90,16.60,16.60,15.50,15.50,7.90,7.30,,NA,NA,NA,NA,NA,NA,NA,NA,NA,NA,NA,NA,NA,NA,NA,NA,NA,NA,NA,NA,NA,NA,NA,NA,NA,NA,NA,NA,NA,NA,NA,NA,NA,NA,NA,NA,NA,NA,NA,NA,NA,NA,NA
28. Current users ever told about side effects of current method (%),-42.60,42.70,42.60,62.90,62.40,56.60,57.20,50.90,53.30,40.50,42.20,32.90,29.20,24.90,27.50,64.50,60.60,68.20,64.60,65.90,57.60,53.00,-36.60,52.20,45.30,-53.90,50.50,51.50,50.40,50.30,47.50,44.50,57.90,64.90,61.50,29.90,29.90,60.40,64.20,59.40,60.80,28.00,27.60,,NA,NA,NA,NA,NA,NA,NA,NA,NA,NA,NA,NA,NA,NA,NA,NA,NA,NA,NA,NA,NA,NA,NA,NA,NA,NA,NA,NA,NA,NA,NA,NA,NA,NA,NA,NA,NA,NA,NA,NA,NA,NA,NA
29. Mothers who had antenatal check-up in the first trimester (%),81.00,81.30,81.20,52.80,57.00,57.00,58.00,37.20,36.90,53.10,52.40,45.50,42.50,51.70,49.10,53.60,50.80,80.70,59.40,68.00,72.80,68.30,42.30,61.40,52.00,49.30,53.80,52.30,65.30,65.80,55.90,52.50,77.20,69.60,74.20,76.20,76.20,43.80,49.50,51.50,49.70,38.80,41.90,,NA,NA,NA,NA,NA,NA,NA,NA,NA,NA,NA,NA,NA,NA,NA,NA,NA,NA,NA,NA,NA,NA,NA,NA,NA,NA,NA,NA,NA,NA,NA,NA,NA,NA,NA,NA,NA,NA,NA,NA,NA,NA,NA
30. Mothers who had at least 4 antenatal care visits (%),60.20,68.50,65.90,80.60,80.70,75.20,74.40,41.30,43.10,68.90,69.40,51.50,52.60,71.80,72.10,78.50,78.10,85.00,82.20,83.30,92.30,91.60,74.80,83.70,79.30,62.80,83.90,76.60,88.30,89.50,68.40,68.60,82.80,92.20,86.60,84.80,84.80,73.30,75.60,84.40,84.00,78.00,79.30,,NA,NA,NA,NA,NA,NA,NA,NA,NA,NA,NA,NA,NA,NA,NA,NA,NA,NA,NA,NA,NA,NA,NA,NA,NA,NA,NA,NA,NA,NA,NA,NA,NA,NA,NA,NA,NA,NA,NA,NA,NA,NA,NA
31. Mothers whose last birth was protected against neonatal tetanus6 (%),95.30,97.20,96.60,90.80,90.60,93.80,94.40,87.00,88.20,91.50,92.60,95.70,95.30,99.50,99.30,96.40,96.90,89.50,91.90,90.90,98.20,98.70,98.90,100.00,99.50,94.80,95.60,95.30,97.00,96.10,89.30,89.90,92.40,95.30,93.60,92.40,92.40,96.70,96.00,96.50,96.40,97.70,98.00,,NA,NA,NA,NA,NA,NA,NA,NA,NA,NA,NA,NA,NA,NA,NA,NA,NA,NA,NA,NA,NA,NA,NA,NA,NA,NA,NA,NA,NA,NA,NA,NA,NA,NA,NA,NA,NA,NA,NA,NA,NA,NA,NA
32. Mothers who consumed iron folic acid for 100 days or more when they were pregnant (%),39.30,43.70,42.40,24.50,24.00,21.00,20.30,6.20,6.10,43.60,39.60,20.00,19.30,22.40,22.70,21.20,22.70,44.70,30.00,35.90,35.70,36.30,21.10,21.90,21.50,30.60,34.40,33.10,43.80,46.70,33.50,34.90,36.60,40.80,38.30,42.20,42.20,20.70,23.70,26.90,26.00,30.20,29.70,,NA,NA,NA,NA,NA,NA,NA,NA,NA,NA,NA,NA,NA,NA,NA,NA,NA,NA,NA,NA,NA,NA,NA,NA,NA,NA,NA,NA,NA,NA,NA,NA,NA,NA,NA,NA,NA,NA,NA,NA,NA,NA,NA
33. Mothers who had full antenatal care7 (%),29.90,35.30,33.60,19.70,19.60,18.30,17.40,4.10,4.30,27.00,25.10,12.10,12.20,15.40,17.10,15.20,16.40,38.20,23.10,29.20,32.20,33.60,14.10,19.50,16.90,14.60,29.90,24.60,36.90,40.50,20.80,23.50,28.60,36.40,31.70,32.90,32.90,13.20,16.20,21.10,20.60,22.50,23.10,,NA,NA,NA,NA,NA,NA,NA,NA,NA,NA,NA,NA,NA,NA,NA,NA,NA,NA,NA,NA,NA,NA,NA,NA,NA,NA,NA,NA,NA,NA,NA,NA,NA,NA,NA,NA,NA,NA,NA,NA,NA,NA,NA
34. Registered pregnancies for which the mother received Mother and Child Protection (MCP) card (%),89.10,95.10,93.20,96.30,97.00,97.10,97.40,96.90,96.80,98.00,98.30,96.90,96.30,98.90,98.90,99.50,99.50,94.30,100.00,97.80,98.80,98.60,94.10,98.40,96.30,98.60,98.30,98.40,98.50,97.60,100.00,100.00,91.90,97.20,94.00,92.10,92.10,96.80,97.60,98.50,98.20,97.20,97.50,,NA,NA,NA,NA,NA,NA,NA,NA,NA,NA,NA,NA,NA,NA,NA,NA,NA,NA,NA,NA,NA,NA,NA,NA,NA,NA,NA,NA,NA,NA,NA,NA,NA,NA,NA,NA,NA,NA,NA,NA,NA,NA,NA
35. Mothers who received postnatal care from a doctor/nurse/LHV/ANM/midwife/other health personnel within 2 days of delivery (%),87.40,83.30,84.60,68.10,69.70,67.00,68.80,43.30,46.30,66.50,67.20,31.60,35.70,46.40,47.00,79.30,78.60,63.60,61.50,62.40,56.70,60.60,62.90,53.70,58.30,75.00,67.10,69.90,59.20,61.80,60.00,59.70,85.00,77.90,82.20,83.10,83.10,48.70,50.80,74.30,74.70,60.30,60.40,,NA,NA,NA,NA,NA,NA,NA,NA,NA,NA,NA,NA,NA,NA,NA,NA,NA,NA,NA,NA,NA,NA,NA,NA,NA,NA,NA,NA,NA,NA,NA,NA,NA,NA,NA,NA,NA,NA,NA,NA,NA,NA,NA
36. Mothers who received financial assistance under Janani Suraksha Yojana (JSY) for births delivered in an institution (%),17.00,30.60,26.40,38.20,34.90,49.90,47.40,26.70,26.00,32.30,28.30,33.10,31.10,44.00,40.00,43.60,39.20,24.00,25.50,24.80,28.70,29.40,10.00,19.70,14.70,20.70,23.80,22.70,39.20,37.70,39.30,38.70,13.40,25.90,18.20,4.60,4.60,47.90,41.00,32.40,29.80,29.70,27.60,,NA,NA,NA,NA,NA,NA,NA,NA,NA,NA,NA,NA,NA,NA,NA,NA,NA,NA,NA,NA,NA,NA,NA,NA,NA,NA,NA,NA,NA,NA,NA,NA,NA,NA,NA,NA,NA,NA,NA,NA,NA,NA,NA
37. Average out of pocket expenditure per delivery in public health facility (Rs.),-4499.00,4244.00,4311.00,3621.00,3622.00,6049.00,6268.00,4064.00,3700.00,10493.00,10075.00,2802.00,2969.00,30998.00,31481.00,2576.00,2579.00,-2438.00,2786.00,2677.00,2751.00,3143.00,-4901.00,3625.00,4259.00,-2753.00,2588.00,2648.00,4892.00,4896.00,1565.00,1625.00,-4839.00,-4575.00,4738.00,20845.00,20845.00,4237.00,3742.00,2484.00,2725.00,22297.00,19550.00,,NA,NA,NA,NA,NA,NA,NA,NA,NA,NA,NA,NA,NA,NA,NA,NA,NA,NA,NA,NA,NA,NA,NA,NA,NA,NA,NA,NA,NA,NA,NA,NA,NA,NA,NA,NA,NA,NA,NA,NA,NA,NA,NA
38. Children born at home who were taken to a health facility for check-up within 24 hours of birth (%),NA,NA,NA,NA,NA,-8.30,-7.80,4.10,3.80,-5.80,-5.60,0.00,0.00,4.00,3.90,-3.70,-3.60,NA,NA,-12.90,NA,NA,NA,NA,0.00,NA,NA,NA,0.00,-3.40,-6.20,8.00,NA,NA,NA,NA,NA,6.30,5.10,-4.70,-4.60,1.80,1.70,,NA,NA,NA,NA,NA,NA,NA,NA,NA,NA,NA,NA,NA,NA,NA,NA,NA,NA,NA,NA,NA,NA,NA,NA,NA,NA,NA,NA,NA,NA,NA,NA,NA,NA,NA,NA,NA,NA,NA,NA,NA,NA,NA
39. Children who received postnatal care from a doctor/nurse/LHV/ANM/midwife/other health personnel within 2 days of delivery (%),27.60,44.50,39.30,37.70,36.90,24.50,24.00,22.20,25.10,23.20,21.50,14.00,14.50,16.50,14.90,35.60,35.40,34.20,37.30,36.00,32.40,30.20,15.50,19.80,17.70,38.90,30.70,33.50,31.20,31.70,35.40,35.40,31.70,48.50,38.40,33.10,33.10,20.10,21.10,36.10,35.90,18.30,18.60,,NA,NA,NA,NA,NA,NA,NA,NA,NA,NA,NA,NA,NA,NA,NA,NA,NA,NA,NA,NA,NA,NA,NA,NA,NA,NA,NA,NA,NA,NA,NA,NA,NA,NA,NA,NA,NA,NA,NA,NA,NA,NA,NA
40. Institutional births (%),95.70,94.00,94.50,81.00,84.00,80.70,81.20,44.90,47.00,77.50,79.50,52.10,55.00,65.80,63.80,85.00,86.30,85.10,80.80,82.60,91.90,93.10,92.00,82.20,86.90,92.20,90.80,91.30,84.50,85.60,79.00,72.90,89.30,82.50,86.60,95.00,95.00,47.40,52.10,76.10,77.70,73.00,74.10,,NA,NA,NA,NA,NA,NA,NA,NA,NA,NA,NA,NA,NA,NA,NA,NA,NA,NA,NA,NA,NA,NA,NA,NA,NA,NA,NA,NA,NA,NA,NA,NA,NA,NA,NA,NA,NA,NA,NA,NA,NA,NA,NA
41. Institutional births in public facility (%),64.70,81.90,76.30,68.80,67.60,71.40,68.90,36.20,37.60,72.20,72.80,46.70,48.30,58.40,55.00,74.40,74.10,45.20,63.10,55.60,69.90,69.60,66.50,62.20,64.30,63.70,60.00,61.30,71.60,71.50,75.50,68.20,39.10,35.20,37.50,72.60,72.60,33.40,35.80,62.50,61.80,44.00,45.00,,NA,NA,NA,NA,NA,NA,NA,NA,NA,NA,NA,NA,NA,NA,NA,NA,NA,NA,NA,NA,NA,NA,NA,NA,NA,NA,NA,NA,NA,NA,NA,NA,NA,NA,NA,NA,NA,NA,NA,NA,NA,NA,NA
42. Home delivery conducted by skilled health personnel (out of total deliveries) (%),0.00,0.80,0.50,3.50,3.30,7.40,7.90,12.50,12.00,5.10,4.60,7.20,6.50,4.70,6.70,1.40,1.50,8.40,2.40,4.90,0.50,0.40,3.50,11.30,7.60,1.00,0.90,0.90,2.90,3.10,7.90,7.50,4.10,9.80,6.40,2.60,2.60,15.70,13.40,8.00,7.30,15.80,14.10,,NA,NA,NA,NA,NA,NA,NA,NA,NA,NA,NA,NA,NA,NA,NA,NA,NA,NA,NA,NA,NA,NA,NA,NA,NA,NA,NA,NA,NA,NA,NA,NA,NA,NA,NA,NA,NA,NA,NA,NA,NA,NA,NA
43. Births assisted by a doctor/nurse/LHV/ANM/other health personnel (%),97.90,93.00,94.60,83.50,86.50,87.70,88.70,56.60,58.40,80.00,81.70,59.30,61.60,69.00,69.80,86.40,88.20,93.50,84.00,88.00,89.80,90.80,94.20,92.20,93.20,93.30,90.90,91.70,86.60,87.90,86.40,79.90,92.70,91.50,92.20,97.60,97.60,65.20,67.20,83.70,84.60,87.40,87.80,,NA,NA,NA,NA,NA,NA,NA,NA,NA,NA,NA,NA,NA,NA,NA,NA,NA,NA,NA,NA,NA,NA,NA,NA,NA,NA,NA,NA,NA,NA,NA,NA,NA,NA,NA,NA,NA,NA,NA,NA,NA,NA,NA
44. Births delivered by caesarean section (%),41.10,20.00,26.80,12.80,18.50,15.40,18.60,11.80,12.60,14.00,16.80,9.00,10.80,14.40,16.50,16.60,17.30,34.70,24.60,28.90,30.20,33.90,48.40,30.90,39.30,50.50,34.10,39.80,15.10,18.00,6.10,6.30,40.10,37.70,39.10,35.10,35.10,13.50,16.90,18.80,21.10,27.10,28.70,,NA,NA,NA,NA,NA,NA,NA,NA,NA,NA,NA,NA,NA,NA,NA,NA,NA,NA,NA,NA,NA,NA,NA,NA,NA,NA,NA,NA,NA,NA,NA,NA,NA,NA,NA,NA,NA,NA,NA,NA,NA,NA,NA
45. Births in a private health facility delivered by caesarean section (%),-68.60,NA,-61.70,-40.40,-53.40,NA,-77.10,-61.10,-67.60,NA,NA,NA,-73.10,NA,-96.70,NA,-83.70,72.30,NA,75.20,-84.10,86.60,NA,-86.80,89.20,-69.50,-80.20,76.60,-49.60,-58.80,NA,NA,66.00,66.50,66.20,-62.30,-62.30,-34.40,44.80,-72.30,-71.70,55.00,57.20,,NA,NA,NA,NA,NA,NA,NA,NA,NA,NA,NA,NA,NA,NA,NA,NA,NA,NA,NA,NA,NA,NA,NA,NA,NA,NA,NA,NA,NA,NA,NA,NA,NA,NA,NA,NA,NA,NA,NA,NA,NA,NA,NA
46. Births in a public health facility delivered by caesarean section (%),30.70,16.50,20.40,11.40,14.50,11.20,13.30,17.90,16.60,13.40,15.70,11.00,12.20,12.60,14.60,10.00,9.60,13.00,16.60,15.40,16.70,19.40,37.70,21.80,29.70,48.10,15.80,27.50,12.20,13.50,5.60,5.60,-17.60,-17.70,17.60,29.20,29.20,25.80,26.70,14.30,15.60,25.30,26.90,,NA,NA,NA,NA,NA,NA,NA,NA,NA,NA,NA,NA,NA,NA,NA,NA,NA,NA,NA,NA,NA,NA,NA,NA,NA,NA,NA,NA,NA,NA,NA,NA,NA,NA,NA,NA,NA,NA,NA,NA,NA,NA,NA
47. Children age 12-23 months fully immunized (BCG measles and 3 doses each of polio/DPT) (%),NA,-90.10,-84.20,-83.70,81.70,-76.10,-76.60,69.70,66.00,-80.80,83.20,71.50,69.50,76.80,78.90,90.40,91.40,-74.70,-88.90,82.30,-95.50,93.20,NA,NA,-88.70,NA,-89.70,-88.40,-95.90,96.20,85.10,87.40,-64.80,-88.60,73.80,-66.70,-66.70,98.50,94.80,-91.30,92.20,-93.90,-92.60,,NA,NA,NA,NA,NA,NA,NA,NA,NA,NA,NA,NA,NA,NA,NA,NA,NA,NA,NA,NA,NA,NA,NA,NA,NA,NA,NA,NA,NA,NA,NA,NA,NA,NA,NA,NA,NA,NA,NA,NA,NA,NA,NA
48. Children age 12-23 months who have received BCG (%),NA,-96.20,-95.40,-97.80,98.30,-97.80,-98.10,94.00,92.60,-95.80,96.30,94.70,94.20,98.40,95.80,100.00,100.00,-92.00,-100.00,96.30,-100.00,100.00,NA,NA,-96.70,NA,-100.00,-100.00,-100.00,100.00,95.70,96.30,-96.00,-100.00,97.50,-100.00,-100.00,100.00,98.40,-100.00,100.00,-97.00,-97.50,,NA,NA,NA,NA,NA,NA,NA,NA,NA,NA,NA,NA,NA,NA,NA,NA,NA,NA,NA,NA,NA,NA,NA,NA,NA,NA,NA,NA,NA,NA,NA,NA,NA,NA,NA,NA,NA,NA,NA,NA,NA,NA,NA
49. Children age 12-23 months who have received 3 doses of polio vaccine (%),NA,-96.20,-92.20,-91.10,87.50,-80.70,-82.70,75.40,74.40,-83.40,85.40,78.10,77.10,83.10,83.50,92.10,92.90,-74.70,-88.90,82.30,-95.50,94.80,NA,NA,-92.00,NA,-92.90,-90.50,-97.80,98.00,87.90,89.80,-71.50,-88.60,78.00,-81.40,-81.40,98.50,94.80,-95.70,96.10,-93.90,-92.60,,NA,NA,NA,NA,NA,NA,NA,NA,NA,NA,NA,NA,NA,NA,NA,NA,NA,NA,NA,NA,NA,NA,NA,NA,NA,NA,NA,NA,NA,NA,NA,NA,NA,NA,NA,NA,NA,NA,NA,NA,NA,NA,NA
50. Children age 12-23 months who have received 3 doses of DPT vaccine (%),NA,-93.40,-91.70,-93.30,91.20,-95.30,-95.80,77.90,75.40,-89.60,90.90,88.50,86.90,92.60,91.60,90.40,91.40,-82.50,-100.00,91.80,-100.00,100.00,NA,NA,-90.90,NA,-100.00,-100.00,-100.00,100.00,92.30,93.50,-83.10,-92.40,86.60,-94.60,-94.60,98.50,94.80,-97.90,98.10,-93.90,-95.10,,NA,NA,NA,NA,NA,NA,NA,NA,NA,NA,NA,NA,NA,NA,NA,NA,NA,NA,NA,NA,NA,NA,NA,NA,NA,NA,NA,NA,NA,NA,NA,NA,NA,NA,NA,NA,NA,NA,NA,NA,NA,NA,NA
51. Children age 12-23 months who have received measles vaccine (%),NA,-92.80,-89.50,-88.30,88.90,-97.60,-95.80,77.10,73.50,-87.10,88.60,85.90,86.30,93.50,93.80,98.30,98.50,-84.70,-100.00,92.90,-100.00,98.40,NA,NA,-93.40,NA,-92.90,-95.30,-98.10,98.20,92.80,93.90,-76.30,-96.00,83.80,-85.20,-85.20,100.00,98.40,-95.60,96.10,-93.90,-95.10,,NA,NA,NA,NA,NA,NA,NA,NA,NA,NA,NA,NA,NA,NA,NA,NA,NA,NA,NA,NA,NA,NA,NA,NA,NA,NA,NA,NA,NA,NA,NA,NA,NA,NA,NA,NA,NA,NA,NA,NA,NA,NA,NA
52. Children age 12-23 months who have received 3 doses of Hepatitis B vaccine (%),NA,-90.10,-87.40,-91.00,93.00,-83.30,-85.00,75.40,71.10,-87.60,86.80,79.50,78.30,82.70,83.20,92.10,92.90,-77.00,-88.90,83.40,-93.60,91.70,NA,NA,-90.90,NA,-87.00,-85.10,-93.80,92.10,90.70,92.20,-71.50,-92.20,79.30,-81.40,-81.40,96.20,91.70,-82.20,82.30,-93.90,-95.10,,NA,NA,NA,NA,NA,NA,NA,NA,NA,NA,NA,NA,NA,NA,NA,NA,NA,NA,NA,NA,NA,NA,NA,NA,NA,NA,NA,NA,NA,NA,NA,NA,NA,NA,NA,NA,NA,NA,NA,NA,NA,NA,NA
53. Children age 9-59 months who received a vitamin A dose in last 6 months (%),53.60,54.10,53.90,73.90,73.00,75.20,75.70,48.70,49.10,76.80,79.00,55.10,55.90,66.50,67.00,69.00,71.10,66.80,65.60,66.20,78.80,76.20,55.70,57.30,56.50,75.60,68.00,70.60,82.40,81.00,74.80,77.10,61.10,86.10,70.80,63.70,63.70,79.20,76.60,72.40,73.40,72.50,71.30,,NA,NA,NA,NA,NA,NA,NA,NA,NA,NA,NA,NA,NA,NA,NA,NA,NA,NA,NA,NA,NA,NA,NA,NA,NA,NA,NA,NA,NA,NA,NA,NA,NA,NA,NA,NA,NA,NA,NA,NA,NA,NA,NA
54. Children age 12-23 months who received most of the vaccinations in public health facility (%),NA,-90.90,-91.10,-100.00,98.10,-97.60,-93.80,94.20,91.50,-97.90,98.20,98.70,98.80,100.00,100.00,100.00,100.00,-93.70,-100.00,97.20,-100.00,98.40,NA,NA,-96.00,NA,-100.00,-98.50,-100.00,100.00,100.00,100.00,-77.90,-100.00,86.50,-86.70,-86.70,98.50,96.00,-97.80,98.00,-100.00,-94.90,,NA,NA,NA,NA,NA,NA,NA,NA,NA,NA,NA,NA,NA,NA,NA,NA,NA,NA,NA,NA,NA,NA,NA,NA,NA,NA,NA,NA,NA,NA,NA,NA,NA,NA,NA,NA,NA,NA,NA,NA,NA,NA,NA
55. Children age 12-23 months who received most of the vaccinations in private health facility (%),NA,-9.10,-9.00,0.00,1.90,0.00,-4.10,3.00,6.00,0.00,0.00,1.30,1.20,0.00,0.00,0.00,0.00,-6.30,0.00,2.80,0.00,1.60,NA,NA,-4.00,NA,0.00,-1.50,0.00,0.00,0.00,0.00,-22.10,0.00,13.50,-13.40,-13.40,1.50,4.00,-2.20,2.00,0.00,-5.10,,NA,NA,NA,NA,NA,NA,NA,NA,NA,NA,NA,NA,NA,NA,NA,NA,NA,NA,NA,NA,NA,NA,NA,NA,NA,NA,NA,NA,NA,NA,NA,NA,NA,NA,NA,NA,NA,NA,NA,NA,NA,NA,NA
56. Prevalence of diarrhoea (reported) in the last 2 weeks preceding the survey (%),6.50,3.40,4.40,10.10,10.30,5.90,5.30,8.10,7.90,8.40,8.40,5.90,5.60,5.70,7.10,5.60,5.60,3.40,1.70,2.40,3.70,3.60,4.70,6.20,5.50,2.20,10.20,7.40,5.20,5.10,6.20,6.30,4.10,4.90,4.50,6.10,6.10,5.70,5.90,4.60,5.30,7.10,7.50,,NA,NA,NA,NA,NA,NA,NA,NA,NA,NA,NA,NA,NA,NA,NA,NA,NA,NA,NA,NA,NA,NA,NA,NA,NA,NA,NA,NA,NA,NA,NA,NA,NA,NA,NA,NA,NA,NA,NA,NA,NA,NA,NA
57. Children with diarrhoea in the last 2 weeks who received oral rehydration salts (ORS) (%),NA,NA,NA,NA,-79.90,NA,NA,-64.60,-67.60,NA,NA,NA,NA,NA,-60.00,NA,NA,NA,NA,NA,NA,NA,NA,NA,NA,NA,NA,NA,NA,NA,NA,NA,NA,NA,NA,NA,NA,NA,NA,NA,NA,NA,NA,,NA,NA,NA,NA,NA,NA,NA,NA,NA,NA,NA,NA,NA,NA,NA,NA,NA,NA,NA,NA,NA,NA,NA,NA,NA,NA,NA,NA,NA,NA,NA,NA,NA,NA,NA,NA,NA,NA,NA,NA,NA,NA,NA
58. Children with diarrhoea in the last 2 weeks who received zinc (%),NA,NA,NA,NA,-27.50,NA,NA,-21.20,-22.40,NA,NA,NA,NA,NA,-7.00,NA,NA,NA,NA,NA,NA,NA,NA,NA,NA,NA,NA,NA,NA,NA,NA,NA,NA,NA,NA,NA,NA,NA,NA,NA,NA,NA,NA,,NA,NA,NA,NA,NA,NA,NA,NA,NA,NA,NA,NA,NA,NA,NA,NA,NA,NA,NA,NA,NA,NA,NA,NA,NA,NA,NA,NA,NA,NA,NA,NA,NA,NA,NA,NA,NA,NA,NA,NA,NA,NA,NA
59. Children with diarrhoea in the last 2 weeks taken to a health facility (%),NA,NA,NA,NA,-80.40,NA,NA,-74.70,-74.10,NA,NA,NA,NA,NA,-59.90,NA,NA,NA,NA,NA,NA,NA,NA,NA,NA,NA,NA,NA,NA,NA,NA,NA,NA,NA,NA,NA,NA,NA,NA,NA,NA,NA,NA,,NA,NA,NA,NA,NA,NA,NA,NA,NA,NA,NA,NA,NA,NA,NA,NA,NA,NA,NA,NA,NA,NA,NA,NA,NA,NA,NA,NA,NA,NA,NA,NA,NA,NA,NA,NA,NA,NA,NA,NA,NA,NA,NA
60. Prevalence of symptoms of acute respiratory infection (ARI) in the last 2 weeks preceding the survey (%),2.40,3.20,2.90,6.00,5.30,7.50,7.60,6.50,6.30,5.50,4.90,4.50,4.30,3.00,2.70,0.40,0.40,0.00,1.70,1.00,1.00,0.80,5.80,5.40,5.60,0.00,4.30,2.80,2.50,2.90,2.20,2.00,4.30,11.30,7.10,0.20,0.20,3.50,3.20,1.80,1.60,3.70,3.20,,NA,NA,NA,NA,NA,NA,NA,NA,NA,NA,NA,NA,NA,NA,NA,NA,NA,NA,NA,NA,NA,NA,NA,NA,NA,NA,NA,NA,NA,NA,NA,NA,NA,NA,NA,NA,NA,NA,NA,NA,NA,NA,NA
61. Children with fever or symptoms of ARI in the last 2 weeks preceding the survey taken to a health facility (%),NA,NA,NA,-77.10,79.80,80.70,81.60,59.90,61.10,-72.90,-76.50,72.00,73.60,-73.10,71.90,NA,NA,NA,NA,NA,NA,-76.30,NA,-69.40,-73.10,NA,NA,NA,NA,-85.50,-73.10,-69.20,NA,-87.80,-81.00,NA,NA,-80.00,81.70,-88.70,-86.60,-52.50,-52.20,,NA,NA,NA,NA,NA,NA,NA,NA,NA,NA,NA,NA,NA,NA,NA,NA,NA,NA,NA,NA,NA,NA,NA,NA,NA,NA,NA,NA,NA,NA,NA,NA,NA,NA,NA,NA,NA,NA,NA,NA,NA,NA,NA
62. Children under age 3 years breastfed within one hour of birth8 (%),-27.40,41.20,37.70,54.70,48.30,42.20,39.40,44.70,44.20,48.10,43.40,43.00,43.30,49.10,45.50,56.10,54.60,64.30,64.90,64.60,42.70,50.80,-34.20,32.60,33.30,-35.90,38.30,37.50,49.60,54.10,60.60,59.40,51.00,37.90,46.30,47.80,47.80,55.60,59.30,49.00,48.10,27.60,28.00,,NA,NA,NA,NA,NA,NA,NA,NA,NA,NA,NA,NA,NA,NA,NA,NA,NA,NA,NA,NA,NA,NA,NA,NA,NA,NA,NA,NA,NA,NA,NA,NA,NA,NA,NA,NA,NA,NA,NA,NA,NA,NA,NA
63. Children under age 6 months exclusively breastfed9 (%),NA,NA,NA,NA,NA,-58.20,-57.60,-65.10,67.80,NA,NA,-64.10,-63.70,NA,NA,NA,NA,NA,NA,NA,NA,NA,NA,NA,NA,NA,NA,NA,NA,NA,-45.30,-50.70,NA,NA,NA,NA,NA,NA,NA,NA,NA,NA,NA,,NA,NA,NA,NA,NA,NA,NA,NA,NA,NA,NA,NA,NA,NA,NA,NA,NA,NA,NA,NA,NA,NA,NA,NA,NA,NA,NA,NA,NA,NA,NA,NA,NA,NA,NA,NA,NA,NA,NA,NA,NA,NA,NA
64. Children age 6-8 months receiving solid or semi-solid food and breastmilk9 (%),NA,NA,NA,NA,NA,NA,NA,NA,NA,NA,NA,NA,NA,NA,NA,NA,NA,NA,NA,NA,NA,NA,NA,NA,NA,NA,NA,NA,NA,NA,-69.60,-61.90,NA,NA,NA,NA,NA,NA,NA,NA,NA,NA,NA,,NA,NA,NA,NA,NA,NA,NA,NA,NA,NA,NA,NA,NA,NA,NA,NA,NA,NA,NA,NA,NA,NA,NA,NA,NA,NA,NA,NA,NA,NA,NA,NA,NA,NA,NA,NA,NA,NA,NA,NA,NA,NA,NA
65. Breastfeeding children age 6-23 months receiving an adequate diet9 10 (%),NA,-5.80,8.60,14.10,15.60,17.60,15.90,16.60,15.20,14.90,14.70,4.30,6.50,10.50,14.20,33.30,31.00,-28.40,-11.20,18.70,33.00,32.20,NA,-16.70,11.30,NA,-23.20,19.80,22.90,23.50,17.50,15.70,-22.60,-15.40,20.00,-11.90,-11.90,24.60,23.40,31.80,32.30,16.90,16.40,,NA,NA,NA,NA,NA,NA,NA,NA,NA,NA,NA,NA,NA,NA,NA,NA,NA,NA,NA,NA,NA,NA,NA,NA,NA,NA,NA,NA,NA,NA,NA,NA,NA,NA,NA,NA,NA,NA,NA,NA,NA,NA,NA
66. Non-breastfeeding children age 6-23 months receiving an adequate diet9 10 (%),NA,NA,NA,NA,NA,NA,NA,NA,NA,NA,NA,NA,NA,NA,NA,NA,NA,NA,NA,NA,NA,NA,NA,NA,NA,NA,NA,NA,NA,NA,NA,NA,NA,NA,NA,NA,NA,NA,NA,NA,NA,NA,NA,,NA,NA,NA,NA,NA,NA,NA,NA,NA,NA,NA,NA,NA,NA,NA,NA,NA,NA,NA,NA,NA,NA,NA,NA,NA,NA,NA,NA,NA,NA,NA,NA,NA,NA,NA,NA,NA,NA,NA,NA,NA,NA,NA
67. Total children age 6-23 months receiving an adequate diet9 10 (%),NA,-9.20,10.70,13.60,14.60,19.70,17.70,16.50,15.20,14.70,15.50,4.00,6.00,10.10,13.40,32.40,30.30,-29.20,-13.40,20.50,32.50,32.80,NA,-17.90,13.90,-11.50,-23.20,19.30,22.40,23.00,18.10,18.60,-23.30,-14.10,20.00,13.60,13.60,23.60,24.80,31.30,31.80,18.10,17.40,,NA,NA,NA,NA,NA,NA,NA,NA,NA,NA,NA,NA,NA,NA,NA,NA,NA,NA,NA,NA,NA,NA,NA,NA,NA,NA,NA,NA,NA,NA,NA,NA,NA,NA,NA,NA,NA,NA,NA,NA,NA,NA,NA
68. Children under 5 years who are stunted11 (%),27.20,30.00,29.10,31.40,31.20,33.40,32.90,42.10,40.40,31.60,32.90,39.20,37.80,39.10,41.90,40.20,40.50,19.30,42.70,32.50,23.70,23.30,23.70,23.90,23.80,21.90,34.30,30.10,34.90,34.00,42.30,45.50,36.90,31.50,34.60,24.20,24.20,29.30,27.30,30.10,29.40,31.30,29.90,,NA,NA,NA,NA,NA,NA,NA,NA,NA,NA,NA,NA,NA,NA,NA,NA,NA,NA,NA,NA,NA,NA,NA,NA,NA,NA,NA,NA,NA,NA,NA,NA,NA,NA,NA,NA,NA,NA,NA,NA,NA,NA,NA
69. Children under 5 years who are wasted11 (%),13.00,10.60,11.30,20.90,17.70,19.90,20.10,14.90,14.00,16.40,17.10,24.30,22.80,17.40,17.50,30.80,29.50,27.00,24.90,25.80,10.80,10.70,11.20,15.70,13.60,15.20,20.30,18.50,27.40,27.00,36.30,34.60,11.70,18.50,14.60,17.40,17.40,20.80,20.10,28.50,28.00,24.70,24.50,,NA,NA,NA,NA,NA,NA,NA,NA,NA,NA,NA,NA,NA,NA,NA,NA,NA,NA,NA,NA,NA,NA,NA,NA,NA,NA,NA,NA,NA,NA,NA,NA,NA,NA,NA,NA,NA,NA,NA,NA,NA,NA,NA
70. Children under 5 years who are severely wasted12 (%),3.80,3.70,3.70,8.90,7.60,6.70,7.80,5.90,5.60,4.20,4.30,9.80,8.90,4.90,4.60,10.60,10.10,9.60,7.90,8.60,2.70,2.40,7.20,5.50,6.20,3.60,5.30,4.70,8.60,7.80,11.90,11.30,4.00,5.00,4.40,4.70,4.70,4.70,5.90,9.10,9.10,6.00,5.70,,NA,NA,NA,NA,NA,NA,NA,NA,NA,NA,NA,NA,NA,NA,NA,NA,NA,NA,NA,NA,NA,NA,NA,NA,NA,NA,NA,NA,NA,NA,NA,NA,NA,NA,NA,NA,NA,NA,NA,NA,NA,NA,NA
71. Children under 5 years who are underweight11 (%),26.40,25.30,25.70,26.40,24.60,28.80,29.30,36.50,34.70,28.80,28.10,38.70,37.20,34.50,34.60,45.60,43.10,30.90,35.90,33.70,19.60,19.30,16.70,19.60,18.30,25.80,30.10,28.70,40.70,39.80,59.20,58.20,26.60,30.90,28.40,19.60,19.60,28.00,27.90,39.50,40.30,34.20,32.80,,NA,NA,NA,NA,NA,NA,NA,NA,NA,NA,NA,NA,NA,NA,NA,NA,NA,NA,NA,NA,NA,NA,NA,NA,NA,NA,NA,NA,NA,NA,NA,NA,NA,NA,NA,NA,NA,NA,NA,NA,NA,NA,NA
72. Women whose Body Mass Index (BMI) is below normal (BMI <18.5 kg/m2) (%),11.30,17.80,15.40,30.60,26.10,25.80,24.80,28.00,25.70,26.90,24.90,25.20,23.90,23.50,21.10,32.40,30.30,21.60,25.80,24.00,12.60,11.90,9.90,13.40,11.50,16.70,19.10,18.30,34.60,33.30,48.60,47.50,14.40,19.70,16.50,7.30,7.30,20.30,18.90,29.90,29.90,20.20,19.40,,NA,NA,NA,NA,NA,NA,NA,NA,NA,NA,NA,NA,NA,NA,NA,NA,NA,NA,NA,NA,NA,NA,NA,NA,NA,NA,NA,NA,NA,NA,NA,NA,NA,NA,NA,NA,NA,NA,NA,NA,NA,NA,NA
73. Men whose Body Mass Index (BMI) is below normal (BMI <18.5 kg/m2) (%),8.10,9.00,8.60,17.00,17.40,21.90,19.80,19.10,17.40,12.10,9.80,17.30,15.40,20.50,19.70,32.70,31.60,21.90,29.10,26.00,18.60,15.60,-14.30,19.90,17.40,-23.80,16.00,18.90,24.80,27.80,24.00,24.50,22.70,16.30,20.10,17.20,17.20,20.60,23.10,25.50,26.60,6.50,8.30,,NA,NA,NA,NA,NA,NA,NA,NA,NA,NA,NA,NA,NA,NA,NA,NA,NA,NA,NA,NA,NA,NA,NA,NA,NA,NA,NA,NA,NA,NA,NA,NA,NA,NA,NA,NA,NA,NA,NA,NA,NA,NA,NA
74. Women who are overweight or obese (BMI >=25.0 kg/m2) (%),32.40,18.40,23.60,9.60,14.80,7.60,9.70,8.60,11.10,10.50,12.00,9.90,12.00,14.90,14.80,8.80,10.30,23.80,11.80,17.00,20.10,24.90,33.70,23.00,28.90,33.40,28.10,29.90,7.90,9.40,3.60,4.70,29.20,20.60,25.90,40.70,40.70,18.50,22.60,14.70,15.60,19.00,20.90,,NA,NA,NA,NA,NA,NA,NA,NA,NA,NA,NA,NA,NA,NA,NA,NA,NA,NA,NA,NA,NA,NA,NA,NA,NA,NA,NA,NA,NA,NA,NA,NA,NA,NA,NA,NA,NA,NA,NA,NA,NA,NA,NA
75. Men who are overweight or obese (BMI >=25.0 kg/m2) (%),24.70,18.60,21.10,9.60,10.60,9.20,9.50,7.90,8.00,8.80,11.40,9.00,12.50,11.40,11.40,5.20,4.50,19.70,6.40,12.20,9.70,11.60,-16.60,16.50,16.50,-16.60,17.60,17.20,9.30,9.00,5.40,8.70,20.50,11.60,17.00,42.80,42.80,9.20,9.70,15.30,12.40,18.30,19.20,,NA,NA,NA,NA,NA,NA,NA,NA,NA,NA,NA,NA,NA,NA,NA,NA,NA,NA,NA,NA,NA,NA,NA,NA,NA,NA,NA,NA,NA,NA,NA,NA,NA,NA,NA,NA,NA,NA,NA,NA,NA,NA,NA
76. Children age 6-59 months who are anaemic (<11.0 g/dl) (%),43.40,46.90,45.80,73.20,71.00,60.90,58.20,63.60,64.40,70.20,66.70,54.60,55.20,42.50,46.70,59.30,59.00,49.40,40.10,44.20,38.10,36.60,55.40,52.00,53.50,55.00,52.50,53.30,49.20,47.30,67.20,66.80,64.10,46.20,56.80,70.20,70.20,65.70,65.20,53.70,53.00,46.20,42.50,,NA,NA,NA,NA,NA,NA,NA,NA,NA,NA,NA,NA,NA,NA,NA,NA,NA,NA,NA,NA,NA,NA,NA,NA,NA,NA,NA,NA,NA,NA,NA,NA,NA,NA,NA,NA,NA,NA,NA,NA,NA,NA,NA
77. Non-pregnant women age 15-49 years who are anaemic (<12.0 g/dl) (%),47.70,49.00,48.50,69.80,67.00,70.30,69.30,62.10,61.70,77.50,76.90,59.10,59.30,58.10,58.10,65.90,64.80,60.10,66.70,63.80,58.60,57.40,62.90,62.20,62.60,61.10,65.70,64.20,68.10,66.90,80.60,79.90,57.40,60.40,58.60,46.70,46.70,68.70,67.60,67.60,67.30,59.70,59.30,,NA,NA,NA,NA,NA,NA,NA,NA,NA,NA,NA,NA,NA,NA,NA,NA,NA,NA,NA,NA,NA,NA,NA,NA,NA,NA,NA,NA,NA,NA,NA,NA,NA,NA,NA,NA,NA,NA,NA,NA,NA,NA,NA
78. Pregnant women age 15-49 years who are anaemic (<11.0 g/dl) (%),NA,NA,NA,NA,NA,-70.00,-65.30,-66.70,69.70,NA,-78.30,-54.40,-53.10,43.40,47.50,-39.80,-39.80,NA,NA,-51.80,NA,-45.80,NA,NA,NA,NA,NA,NA,-78.90,-66.70,-81.60,-80.70,NA,NA,-40.20,NA,NA,-47.00,-50.20,-57.60,-58.10,-52.90,-52.90,,NA,NA,NA,NA,NA,NA,NA,NA,NA,NA,NA,NA,NA,NA,NA,NA,NA,NA,NA,NA,NA,NA,NA,NA,NA,NA,NA,NA,NA,NA,NA,NA,NA,NA,NA,NA,NA,NA,NA,NA,NA,NA,NA
79. All women age 15-49 years who are anaemic (%),47.60,48.60,48.30,69.80,67.00,70.30,69.10,62.30,62.10,77.40,77.00,58.90,59.00,57.20,57.50,64.90,63.80,59.30,66.40,63.30,58.00,57.10,63.50,61.70,62.70,60.50,64.60,63.20,68.50,66.90,80.60,80.00,57.00,59.80,58.10,46.40,46.40,67.70,66.80,67.20,67.00,59.40,59.00,,NA,NA,NA,NA,NA,NA,NA,NA,NA,NA,NA,NA,NA,NA,NA,NA,NA,NA,NA,NA,NA,NA,NA,NA,NA,NA,NA,NA,NA,NA,NA,NA,NA,NA,NA,NA,NA,NA,NA,NA,NA,NA,NA
80. Men age 15-49 years who are anaemic (<13.0 g/dl) (%),1.80,14.40,9.30,47.10,39.90,40.60,40.70,40.10,38.00,46.10,46.00,24.90,24.30,31.10,28.60,21.40,20.80,23.00,24.70,24.00,20.50,27.40,-20.20,38.10,30.00,-34.10,35.70,35.10,27.60,26.90,47.20,44.90,27.10,32.60,29.30,24.60,24.60,32.00,35.40,37.10,36.10,27.50,27.20,,NA,NA,NA,NA,NA,NA,NA,NA,NA,NA,NA,NA,NA,NA,NA,NA,NA,NA,NA,NA,NA,NA,NA,NA,NA,NA,NA,NA,NA,NA,NA,NA,NA,NA,NA,NA,NA,NA,NA,NA,NA,NA,NA
81. Blood sugar level - high (>140 mg/dl) (%),4.90,3.10,3.80,5.40,6.30,7.10,7.10,5.10,5.80,5.50,5.50,7.90,7.90,5.40,5.60,4.80,5.00,7.80,7.30,7.50,5.80,7.10,13.90,8.10,11.20,8.10,10.70,9.80,7.30,6.90,4.20,4.70,6.60,7.80,7.10,8.50,8.50,7.80,7.30,6.50,6.70,8.20,8.40,,NA,NA,NA,NA,NA,NA,NA,NA,NA,NA,NA,NA,NA,NA,NA,NA,NA,NA,NA,NA,NA,NA,NA,NA,NA,NA,NA,NA,NA,NA,NA,NA,NA,NA,NA,NA,NA,NA,NA,NA,NA,NA,NA
82. Blood sugar level - very high (>160 mg/dl) (%),1.40,1.40,1.40,2.40,2.90,2.80,2.90,2.10,2.60,2.70,2.80,3.70,3.70,2.40,2.00,2.00,1.90,4.60,3.00,3.70,2.40,2.60,6.00,5.10,5.60,3.10,5.30,4.60,2.30,2.30,1.50,1.70,4.10,4.30,4.20,5.20,5.20,3.70,3.80,3.10,3.50,4.20,4.00,,NA,NA,NA,NA,NA,NA,NA,NA,NA,NA,NA,NA,NA,NA,NA,NA,NA,NA,NA,NA,NA,NA,NA,NA,NA,NA,NA,NA,NA,NA,NA,NA,NA,NA,NA,NA,NA,NA,NA,NA,NA,NA,NA
83. Blood sugar level - high (>140 mg/dl) (%),3.60,10.40,7.70,5.90,6.10,5.70,6.50,6.80,5.70,7.30,7.70,13.80,13.20,11.40,9.70,12.00,12.00,4.90,9.10,7.30,13.70,12.20,-19.70,7.60,13.00,-11.00,12.80,12.10,9.40,9.20,5.00,3.90,14.30,16.80,15.30,22.20,22.20,13.30,15.10,11.30,11.20,12.80,14.10,,NA,NA,NA,NA,NA,NA,NA,NA,NA,NA,NA,NA,NA,NA,NA,NA,NA,NA,NA,NA,NA,NA,NA,NA,NA,NA,NA,NA,NA,NA,NA,NA,NA,NA,NA,NA,NA,NA,NA,NA,NA,NA,NA
84. Blood sugar level - very high (>160 mg/dl) (%),0.00,8.00,4.70,3.70,3.60,2.70,3.10,5.90,4.90,4.60,3.70,8.20,6.90,5.80,4.50,5.80,6.70,3.40,1.60,2.40,3.90,2.90,-14.70,4.40,9.00,-2.30,5.80,4.50,4.40,3.70,5.00,3.90,4.60,5.60,5.00,14.90,14.90,6.20,7.30,5.10,5.20,9.20,10.50,,NA,NA,NA,NA,NA,NA,NA,NA,NA,NA,NA,NA,NA,NA,NA,NA,NA,NA,NA,NA,NA,NA,NA,NA,NA,NA,NA,NA,NA,NA,NA,NA,NA,NA,NA,NA,NA,NA,NA,NA,NA,NA,NA
85. Slightly above normal (Systolic 140-159 mm of Hg and/or Diastolic 90-99 mm of Hg) (%),9.90,8.10,8.80,11.40,12.20,8.00,8.40,8.90,9.30,9.00,8.40,6.50,7.20,5.20,5.00,7.30,7.30,10.80,9.00,9.80,7.80,8.10,8.70,7.40,8.10,11.60,9.80,10.40,6.00,7.00,6.80,6.70,8.50,13.00,10.30,8.80,8.80,5.30,6.10,5.00,5.10,5.30,5.50,,NA,NA,NA,NA,NA,NA,NA,NA,NA,NA,NA,NA,NA,NA,NA,NA,NA,NA,NA,NA,NA,NA,NA,NA,NA,NA,NA,NA,NA,NA,NA,NA,NA,NA,NA,NA,NA,NA,NA,NA,NA,NA,NA
86. Moderately high (Systolic 160-179 mm of Hg and/or Diastolic 100-109 mm of Hg) (%),4.90,3.10,3.80,4.30,4.20,2.30,2.40,2.40,2.30,2.80,2.60,1.90,1.70,1.70,1.60,1.70,1.90,1.50,2.10,1.80,1.10,1.40,1.70,1.00,1.40,2.00,2.00,2.00,1.00,1.10,1.40,1.50,3.10,3.20,3.10,2.60,2.60,1.40,1.60,1.20,1.10,0.70,0.60,,NA,NA,NA,NA,NA,NA,NA,NA,NA,NA,NA,NA,NA,NA,NA,NA,NA,NA,NA,NA,NA,NA,NA,NA,NA,NA,NA,NA,NA,NA,NA,NA,NA,NA,NA,NA,NA,NA,NA,NA,NA,NA,NA
87. Very high (Systolic ?180 mm of Hg and/or Diastolic ?110 mm of Hg) (%),1.20,1.80,1.60,1.60,1.70,0.80,0.70,0.70,0.70,0.90,0.90,1.40,1.20,0.40,0.30,0.90,1.00,0.20,0.80,0.60,0.30,0.80,1.10,0.20,0.70,0.70,1.10,1.00,0.80,0.70,0.70,0.60,1.30,0.90,1.10,1.10,1.10,0.30,0.20,0.50,0.50,0.60,0.60,,NA,NA,NA,NA,NA,NA,NA,NA,NA,NA,NA,NA,NA,NA,NA,NA,NA,NA,NA,NA,NA,NA,NA,NA,NA,NA,NA,NA,NA,NA,NA,NA,NA,NA,NA,NA,NA,NA,NA,NA,NA,NA,NA
88. Slightly above normal (Systolic 140-159 mm of Hg and/or Diastolic 90-99 mm of Hg) (%),24.50,14.90,18.80,15.40,18.30,13.80,14.30,13.70,12.00,5.70,6.40,10.10,10.90,6.90,7.40,4.40,5.60,15.60,10.60,12.70,7.90,7.80,-13.20,8.50,10.60,-2.40,8.70,6.30,7.70,8.80,8.60,9.00,4.30,7.60,5.60,19.30,19.30,7.10,7.80,10.40,10.40,5.40,4.20,,NA,NA,NA,NA,NA,NA,NA,NA,NA,NA,NA,NA,NA,NA,NA,NA,NA,NA,NA,NA,NA,NA,NA,NA,NA,NA,NA,NA,NA,NA,NA,NA,NA,NA,NA,NA,NA,NA,NA,NA,NA,NA,NA
89. Moderately high (Systolic 160-179 mm of Hg and/or Diastolic 100-109 mm of Hg) (%),5.30,1.80,3.20,1.20,1.80,0.90,1.60,1.80,2.30,1.80,2.40,3.80,3.20,0.00,0.00,0.70,1.20,1.50,0.00,0.60,0.90,0.70,0.00,3.20,1.80,-8.40,1.90,4.30,0.00,0.00,0.00,0.80,0.80,5.70,2.70,3.50,3.50,1.30,1.10,1.10,2.90,1.90,1.50,,NA,NA,NA,NA,NA,NA,NA,NA,NA,NA,NA,NA,NA,NA,NA,NA,NA,NA,NA,NA,NA,NA,NA,NA,NA,NA,NA,NA,NA,NA,NA,NA,NA,NA,NA,NA,NA,NA,NA,NA,NA,NA,NA
90. Very high (Systolic ?180 mm of Hg and/or Diastolic ?110 mm of Hg) (%),1.90,3.40,2.80,2.50,2.80,2.00,1.70,0.90,0.80,0.00,0.00,0.00,0.00,0.00,0.00,1.50,1.30,0.00,0.00,0.00,1.00,0.70,-3.40,0.00,1.50,0.00,1.90,1.20,0.00,0.00,0.90,0.70,0.00,0.00,0.00,0.50,0.50,1.10,2.10,0.00,0.00,0.00,0.00,,NA,NA,NA,NA,NA,NA,NA,NA,NA,NA,NA,NA,NA,NA,NA,NA,NA,NA,NA,NA,NA,NA,NA,NA,NA,NA,NA,NA,NA,NA,NA,NA,NA,NA,NA,NA,NA,NA,NA,NA,NA,NA,NA
91. Cervix (%),5.10,4.40,4.70,5.30,5.20,4.10,4.20,1.80,1.70,6.70,6.80,1.50,2.30,4.80,4.50,5.00,4.70,4.80,6.20,5.60,5.50,5.00,5.50,3.30,4.60,6.30,3.20,4.30,2.50,2.70,1.40,1.60,5.50,4.30,5.00,5.60,5.60,4.60,3.70,1.60,1.40,3.80,3.70,,NA,NA,NA,NA,NA,NA,NA,NA,NA,NA,NA,NA,NA,NA,NA,NA,NA,NA,NA,NA,NA,NA,NA,NA,NA,NA,NA,NA,NA,NA,NA,NA,NA,NA,NA,NA,NA,NA,NA,NA,NA,NA,NA
92. Breast (%),6.70,7.90,7.40,4.10,6.00,1.90,1.70,1.50,1.30,2.10,1.90,1.80,2.00,1.30,1.60,3.50,3.40,2.60,0.90,1.60,5.20,3.90,1.90,1.40,1.70,3.30,3.10,3.10,2.60,2.50,1.30,1.60,2.40,2.20,2.30,3.30,3.30,1.50,1.30,0.50,0.50,1.10,1.00,,NA,NA,NA,NA,NA,NA,NA,NA,NA,NA,NA,NA,NA,NA,NA,NA,NA,NA,NA,NA,NA,NA,NA,NA,NA,NA,NA,NA,NA,NA,NA,NA,NA,NA,NA,NA,NA,NA,NA,NA,NA,NA,NA
93. Oral cavity (%),8.80,7.90,8.20,6.20,8.80,5.10,5.40,1.20,1.20,3.00,3.00,3.70,3.80,1.20,1.70,4.10,3.70,2.20,1.70,1.90,2.90,5.60,2.80,2.10,2.50,5.10,0.40,2.10,3.80,4.00,0.90,0.80,4.40,8.90,6.10,7.30,7.30,3.30,2.60,0.70,0.60,1.60,1.40,,NA,NA,NA,NA,NA,NA,NA,NA,NA,NA,NA,NA,NA,NA,NA,NA,NA,NA,NA,NA,NA,NA,NA,NA,NA,NA,NA,NA,NA,NA,NA,NA,NA,NA,NA,NA,NA,NA,NA,NA,NA,NA,NA
